{
  "associationList" : [ ],
  "models" : [ {
    "type" : "Class",
    "id" : 1,
    "x" : 154.6666666666668,
    "y" : 102.66666666666669,
    "className" : "Person",
    "attributes" : [ "+ age : Integer" ],
    "methods" : [ "New Method122222222222222", "New Method", "New Method" ],
    "modelId" : 1
  }, {
    "type" : "Interface",
    "id" : 2,
    "x" : 1.1368683772161603E-13,
    "y" : 200.00000000000006,
    "interfaceName" : "Interface Name",
    "methods" : [ "Method():string", "Method():int", "something" ],
    "modelId" : 2
  }, {
    "type" : "Class",
    "id" : 3,
    "x" : 34.66666666666643,
    "y" : 454.0000000000001,
    "className" : "Class Name",
    "attributes" : [ ],
    "methods" : [ ],
    "modelId" : 3
  }, {
    "type" : "Class",
    "id" : 4,
    "x" : 325.9999999999999,
    "y" : 389.33333333333337,
    "className" : "Class Name",
    "attributes" : [ ],
    "methods" : [ ],
    "modelId" : 4
  } ]
}
