{
  "associationList" : [ {
    "id" : 0,
    "associationName" : "Association Name",
    "type" : "Uses",
    "startX" : 352.66666666666663,
    "startY" : 102.0,
    "endX" : 324.99999999999994,
    "endY" : 364.6666666666667,
    "startMultiplicity" : "1",
    "endMultiplicity" : "1",
    "startModel" : {
      "type" : "Use Case",
      "id" : 1,
      "x" : 282.66666666666663,
      "y" : 102.0,
      "useCaseName" : "Use Case",
      "modelId" : 1
    },
    "endModel" : {
      "type" : "Actor",
      "id" : 2,
      "x" : 162.0,
      "y" : 318.6666666666667,
      "actorName" : "Actor",
      "modelId" : 2
    }
  } ],
  "models" : [ 1, 2 ]
}
